img,type
98b18c155ed1.png,Kidney
3e70fafdbe3e.png,Kidney
41146970649b.png,Kidney
2c6d2cc31d81.png,Kidney
2848258b5205.png,Kidney
cea4c41873cd.png,Kidney
0754412b2917.png,Kidney
b29ab50ca7aa.png,Kidney
a88bead7ca59.png,Kidney
43362b7daae9.png,Kidney
470b0acaed83.png,Kidney
a4d34e292999.png,Kidney
38ab48356c82.png,Kidney
a4f027cdc65e.png,Kidney
ba8d36715d6d.png,Kidney
9dfb5b38e36e.png,Kidney
6909603ea7ab.png,Kidney
6e01967a7d6a.png,Kidney
ca178713fdb2.png,Kidney
a32a65398ad7.png,Kidney
7db4a2106f14.png,Kidney
cfb0bd617652.png,Kidney
51a2ad418b22.png,Kidney
bac213291490.png,Kidney
0def202e0a03.png,Kidney
cbce5b55f5bb.png,Kidney
cfe02239d1c7.png,Kidney
f86347534ec1.png,Kidney
033a656390b2.png,Kidney
2419482dc6e5.png,Kidney
9d417eed72a8.png,Kidney
becaaec84ca6.png,Kidney
64c675e5750d.png,Kidney
993a5ac25b94.png,Kidney
611aee20c207.png,Kidney
783e8f735476.png,Kidney
5f584921044d.png,Kidney
4e8848558390.png,Kidney
d35b6634f6e9.png,Kidney
ce27b0613895.png,Kidney
377d58465c28.png,Kidney
aa989f83a794.png,Kidney
5f9afd2ee26d.png,Kidney
169bdf0e2a2b.png,Kidney
bee3838707f4.png,Kidney
7735d60f5fe3.png,Kidney
3067de360996.png,Kidney
394b6b4f803d.png,Kidney
413fa0675bdf.png,Kidney
f17c0bbf7b72.png,Kidney
91101158fefd.png,Kidney
96e5bac74853.png,Kidney
f35fa6a4081c.png,Kidney
b50d9b7c01c4.png,Kidney
09c06b79292c.png,Kidney
abe8e23f130b.png,Kidney
a9de6e1a6c4d.png,Kidney
9596b376c210.png,Kidney
4d5877f68893.png,Kidney
3eb6c82b1668.png,Kidney
1e3fe5b348ca.png,Kidney
836f728b5c18.png,Kidney
9ce355afb03d.png,Kidney
5631a47d5b0c.png,Kidney
c0bf4b3dd05e.png,Kidney
e4c6313913c3.png,Kidney
e93185008c33.png,Kidney
5b6355525f48.png,Kidney
59c99a7cd635.png,Kidney
66f49941ae3a.png,Kidney
3dee55fb6fcc.png,Kidney
8a1e5ef00438.png,Kidney
76a3142ef6ee.png,Kidney
1b60cea2100c.png,Kidney
8ecc51bb2c9c.png,Kidney
e202c2edad04.png,Kidney
d34a9780d222.png,Kidney
4ba8d55f7acb.png,Kidney
cde801aaf517.png,Kidney
fbcc007f3f36.png,Kidney
3b0d08f3e37a.png,Kidney
20a930a6b5e8.png,Kidney
33c05bdf4f71.png,Kidney
26eb634b5933.png,Kidney
12dc33d98d35.png,Kidney
af9c61e40ff5.png,Kidney
cc8bdabbc3eb.png,Kidney
c3e34170ff28.png,Kidney
b3e1b3925d24.png,Kidney
99ddcf7fb9a3.png,Kidney
4fcffe64689b.png,Kidney
758c0b61f9db.png,Kidney
764b5512ab63.png,Kidney
454cf72a9ed9.png,Kidney
cb663f34ed9b.png,Kidney
2ac4cfbb7405.png,Kidney
37073efe3610.png,Kidney
0765f249adeb.png,Kidney
4a06a2773c1d.png,Kidney
f69c378f6f4f.png,Kidney
a681dde5b7de.png,Kidney
4a4820ef318c.png,Kidney
d8ce65cbe4b5.png,Kidney
c0073ae5f1f6.png,Kidney
dd690b7d9a47.png,Kidney
b2106c522f46.png,Kidney
6bfe9903a1cf.png,Kidney
fdd133458d88.png,Kidney
e3c41ad419a2.png,Kidney
44c66d51c40e.png,Kidney
49a730e87f9c.png,Kidney
2c5bd755f831.png,Kidney
6fcc6c7f91e3.png,Kidney
cf50015c533c.png,Kidney
141729073269.png,Kidney
5affc24bfa1a.png,Kidney
77c7c3714f08.png,Kidney
39b8aafd630b.png,Kidney
8af8a44c73f9.png,Kidney
ae4641d3fb5f.png,Kidney
cb0d9bad1bd4.png,Kidney
dfcea0f4ef63.png,Kidney
634a9a8854a7.png,Kidney
55f4ccb3f710.png,Kidney
3f4f881abe88.png,Kidney
f2a31831f412.png,Kidney
f40804ea84e6.png,Kidney
94f11c67c4c3.png,Kidney
620901cb76b3.png,Kidney
2af2792c8e0c.png,Kidney
b898dccf7911.png,Kidney
d0bc02b11405.png,Kidney
2d0c1b760913.png,Kidney
b72ce47d803b.png,Kidney
1bd79e5bde8a.png,Kidney
c9aa10c8c5f4.png,Kidney
51bcce4e7c55.png,Kidney
8baf8bd94b2a.png,Kidney
a0807299bd53.png,Kidney
ba58c47f480c.png,Kidney
da5cca9855f5.png,Kidney
4995f7836ec4.png,Kidney
2cb88bf3ed30.png,Kidney
abe1088b3890.png,Kidney
c9dc3cfc0567.png,Kidney
fa10ae8f9fec.png,Kidney
e21c60b762c9.png,Kidney
bdf18b8fa3ed.png,Kidney
3b1127f5e4d4.png,Kidney
40a486ebdb5a.png,Kidney
0478279e6e16.png,Kidney
46a58335b3c8.png,Kidney
3b523d3117e2.png,Kidney
f73b7aca41d4.png,Kidney
bf96591278cd.png,Kidney
bb7e7fae1cf4.png,Kidney
678c51bde237.png,Kidney
98afebe7cca1.png,Kidney
ab2d969797d8.png,Kidney
52c4aad9512c.png,Kidney
3a486b0a7574.png,Kidney
5ed62676da45.png,Kidney
1a91d04d00d5.png,Kidney
60649906e443.png,Kidney
